precision_target,calibrated_logistic_recall,random_forest_recall,uplift_pp
0.9,0.12941176470588237,0.35294117647058826,22.352941176470587
