Feature,Importance
Torque [Nm],0.3158088594336214
Rotational speed [rpm],0.29313493280462194
Tool wear [min],0.20064246271579547
Air temperature [K],0.09933597776557096
Process temperature [K],0.070001927484104
Type_L,0.005318811435651214
Product_Category_L,0.004334553105929209
Product_Category_M,0.0035505450860562364
Type_M,0.003204528475780486
Type_H,0.002423006236011507
Product_Category_H,0.0022443954568575225
